{
  "params": {
    "d": 7,
    "H": 16,
    "dt": 0.05
  },
  "raw": {
    "std_per_dim": [
      0.295888215303421,
      0.39716652035713196,
      0.44956138730049133,
      0.029261168092489243,
      0.05657877400517464,
      0.065557099878788,
      0.9998065233230591
    ],
    "total_var": 1.45536470413208,
    "pr": 1.5968131212757934,
    "d_eff_95": 3
  },
  "strategies": {
    "zero_order_K1": {
      "var_ratio_full": 0.6285326480865479,
      "var_ratio_first": 0.05277644842863083,
      "var_ratio_short": 0.15254712104797363,
      "first_step_std_ratio": [
        0.17939090728759766,
        0.12327593564987183,
        0.13676171004772186,
        0.26878005266189575,
        0.22131431102752686,
        0.15008632838726044,
        0.2598555088043213
      ],
      "pr_full": 2.214707340771343,
      "pr_first": 1.285794167364982,
      "d_eff_95_full": 4,
      "d_eff_95_first": 3,
      "var_ratio_per_h": [
        0.05243692547082901,
        0.11405866593122482,
        0.18282166123390198,
        0.2572849690914154,
        0.33430156111717224,
        0.41467201709747314,
        0.4970257580280304,
        0.580705463886261,
        0.664998471736908,
        0.7494521141052246,
        0.8339758515357971,
        0.9178330898284912,
        1.0006366968154907,
        1.0821598768234253,
        1.1622300148010254,
        1.240814208984375
      ]
    },
    "linear_K2": {
      "var_ratio_full": 5.211803989311876,
      "var_ratio_first": 0.09500821797793904,
      "var_ratio_short": 0.487324581750104,
      "first_step_std_ratio": [
        0.13505901925987912,
        0.08818527729639246,
        0.08661700110114856,
        0.2500532257297352,
        0.1957095357082958,
        0.11343585285249344,
        0.36572109937726416
      ],
      "pr_full": 1.268918387663702,
      "pr_first": 1.069142218903607,
      "d_eff_95_full": 3,
      "d_eff_95_first": 1,
      "var_ratio_per_h": [
        0.09439700459418349,
        0.2860195363769338,
        0.5781077028598026,
        0.9794581253935412,
        1.4786934088927084,
        2.086264854787663,
        2.800145942480276,
        3.6221126682620532,
        4.552628174149535,
        5.593235231224277,
        6.746414315433573,
        8.011750183381368,
        9.388974687656217,
        10.877393843635305,
        12.475665509388515,
        14.184029934869718
      ]
    },
    "linear_smooth_K3": {
      "var_ratio_full": 2.996672386401521,
      "var_ratio_first": 0.07180836777583216,
      "var_ratio_short": 0.312591252449798,
      "first_step_std_ratio": [
        0.14096165492975757,
        0.09387200937289468,
        0.08844896244362126,
        0.26469087548227294,
        0.20549127517309773,
        0.12267535141542385,
        0.3155555360558587
      ],
      "pr_full": 1.4857556621272028,
      "pr_first": 1.1014640971896603,
      "d_eff_95_full": 3,
      "d_eff_95_first": 1,
      "var_ratio_per_h": [
        0.07134640525949046,
        0.1935354204944346,
        0.3712581978498882,
        0.6069146929832916,
        0.8955753055581015,
        1.243636404723137,
        1.649836215632887,
        2.1153372264169246,
        2.640770311263985,
        3.2272422597867965,
        3.8761802318744514,
        4.58703747171185,
        5.3591292032700695,
        6.191544858685726,
        7.083320189657699,
        8.03759663533202
      ]
    },
    "linear_smooth_K5": {
      "var_ratio_full": 1.974176715922294,
      "var_ratio_first": 0.06180816844672665,
      "var_ratio_short": 0.23498482497452353,
      "first_step_std_ratio": [
        0.15372376031058843,
        0.10182974081995391,
        0.09744860824115044,
        0.27785050503950787,
        0.2146499351231777,
        0.1328869935818408,
        0.28995288291330806
      ],
      "pr_full": 1.7917806065518302,
      "pr_first": 1.1437662021733797,
      "d_eff_95_full": 4,
      "d_eff_95_first": 2,
      "var_ratio_per_h": [
        0.06141053989854328,
        0.15365412526707353,
        0.2793267043442227,
        0.43997753157485053,
        0.6325827484272872,
        0.8614338167048572,
        1.125815264586629,
        1.4266666327302173,
        1.7644991954153872,
        2.1399179006293796,
        2.5536540202137274,
        3.00482657209294,
        3.492572498385539,
        4.016899424291099,
        4.579014376039132,
        5.179505653439207
      ]
    },
    "linear_smooth_K7": {
      "var_ratio_full": 1.6538282524312085,
      "var_ratio_first": 0.058968096370243334,
      "var_ratio_short": 0.2117719403525768,
      "first_step_std_ratio": [
        0.1616504681620807,
        0.10643521087648375,
        0.10370978416386753,
        0.28092158927346955,
        0.21876023263105182,
        0.13795668123473856,
        0.28160202688045055
      ],
      "pr_full": 1.9692617559734793,
      "pr_first": 1.1693755901426963,
      "d_eff_95_full": 4,
      "d_eff_95_first": 2,
      "var_ratio_per_h": [
        0.0585887387685204,
        0.14189969226710852,
        0.2518717370097712,
        0.3896685298932915,
        0.5527073528977873,
        0.7446624643976115,
        0.9649727916859773,
        1.2143907888612633,
        1.4932257803085887,
        1.8017673803836756,
        2.1404315364539395,
        2.5084948941696275,
        2.9057880612481655,
        3.3321691445215427,
        3.787568418526742,
        4.272500280862682
      ]
    },
    "quad_smooth_K4": {
      "var_ratio_full": 142.74138428587568,
      "var_ratio_first": 0.1582082416420071,
      "var_ratio_short": 2.0973647901616133,
      "first_step_std_ratio": [
        0.17485353033109896,
        0.11629219930280588,
        0.10961710454892737,
        0.3363923690550767,
        0.2639457921930655,
        0.1506674241778219,
        0.4718907728640678
      ],
      "pr_full": 1.1248273351906868,
      "pr_first": 1.069563102065647,
      "d_eff_95_full": 2,
      "d_eff_95_first": 1,
      "var_ratio_per_h": [
        0.15719044553162767,
        0.7542666132417108,
        2.2337704646751573,
        5.195916346117064,
        10.350369833988351,
        18.60242554740581,
        30.976739587672,
        48.671715289060266,
        73.02243263689172,
        105.52737614124973,
        147.86850573020175,
        201.85790094432903,
        269.46513934327794,
        352.8209096414783,
        454.16765782842657,
        575.9331053734592
      ]
    },
    "quad_smooth_K7": {
      "var_ratio_full": 32.333467480890526,
      "var_ratio_first": 0.09336993978453727,
      "var_ratio_short": 0.7529673709170839,
      "first_step_std_ratio": [
        0.16726238388897346,
        0.11246163493792843,
        0.10312135505214733,
        0.32587722556067217,
        0.2487487701952683,
        0.14872343118895712,
        0.3591093853134654
      ],
      "pr_full": 1.2820270877882136,
      "pr_first": 1.1101064454104945,
      "d_eff_95_full": 3,
      "d_eff_95_first": 2,
      "var_ratio_per_h": [
        0.09276926588441199,
        0.3363811528449907,
        0.8374265696937132,
        1.7279500084763062,
        3.150380348283463,
        5.2929991260853715,
        8.355267620692395,
        12.570278118549787,
        18.19402497070167,
        25.512028908261513,
        34.842629176209066,
        46.52027338141374,
        60.901017747374745,
        78.37270376965354,
        99.35178880866786,
        124.2949738937703
      ]
    },
    "taylor_order1_K2": {
      "var_ratio_full": 5.211803975464938,
      "var_ratio_first": 0.09500821799032752,
      "var_ratio_short": 0.48732458192612454,
      "first_step_std_ratio": [
        0.1350590197338325,
        0.08818527763427518,
        0.08661700103746174,
        0.2500532259482854,
        0.19570953558413384,
        0.11343585255800845,
        0.36572109937726416
      ],
      "pr_full": 1.2689183812743765,
      "pr_first": 1.0691422191793172,
      "d_eff_95_full": 3,