step,H_a,H_b,delta_H,topk_a,topk_b,effV_a,effV_b
0,1.233847,2.314327,-1.080479,0.980047,0.852653,3.43,10.12
1,1.711568,3.314219,-1.602651,0.940141,0.678594,5.54,27.50
2,1.772204,3.526144,-1.753939,0.936314,0.624405,5.88,33.99
3,1.490890,2.707222,-1.216332,0.967315,0.804815,4.44,14.99
4,1.670417,2.970283,-1.299866,0.949124,0.745236,5.31,19.50
5,1.769988,2.961728,-1.191740,0.941616,0.753967,5.87,19.33
6,1.634596,2.752613,-1.118016,0.962249,0.798516,5.13,15.68
7,1.486450,2.409341,-0.922891,0.968673,0.862199,4.42,11.13
